{"name": "moscow", "stations": [{"name": "a", "pos": [100, 100], "routes": [{"next_station": "b", "n_frequency": [1, 5.0], "transport": "bus1", "n_time": [1, 10.0]}, {"next_station": "c", "n_frequency": [1, 5.0], "transport": "bus1", "n_time": [1, 10.0]}, {"next_station": "c", "n_frequency": [1, 0.5], "transport": "subway", "n_time": [1, 5.0]}, {"next_station": "f", "n_frequency": [1, 120.0], "transport": "plane", "n_time": [1, 14.0]}], "foot_crossings": []}, {"name": "b", "pos": [100, 0], "routes": [{"next_station": "a", "n_frequency": [1, 5.0], "transport": "bus1", "n_time": [1, 10.0]}, {"next_station": "e", "n_frequency": [1, 5.0], "transport": "bus1", "n_time": [1, 10.0]}], "foot_crossings": []}, {"name": "c", "pos": [210, -150], "routes": [{"next_station": "e", "n_frequency": [1, 5.0], "transport": "bus1", "n_time": [1, 10.0]}, {"next_station": "a", "n_frequency": [1, 5.0], "transport": "bus1", "n_time": [1, 10.0]}, {"next_station": "a", "n_frequency": [1, 0.5], "transport": "subway", "n_time": [1, 5.0]}], "foot_crossings": []}, {"name": "d", "pos": [-350, -100], "routes": [{"next_station": "e", "n_frequency": [1, 60.0], "transport": "train", "n_time": [1, 23.0]}], "foot_crossings": []}, {"name": "e", "pos": [-200, 0], "routes": [{"next_station": "b", "n_frequency": [1, 5.0], "transport": "bus1", "n_time": [1, 10.0]}, {"next_station": "c", "n_frequency": [1, 5.0], "transport": "bus1", "n_time": [1, 10.0]}, {"next_station": "d", "n_frequency": [1, 60.0], "transport": "train", "n_time": [1, 23.0]}, {"next_station": "g", "n_frequency": [1, 60.0], "transport": "train", "n_time": [1, 32.0]}], "foot_crossings": []}, {"name": "f", "pos": [-250, 150], "routes": [{"next_station": "g", "n_frequency": [1, 20.0], "transport": "bus2", "n_time": [1, 10.0]}, {"next_station": "a", "n_frequency": [1, 120.0], "transport": "plane", "n_time": [1, 14.0]}, {"next_station": "h", "n_frequency": [1, 120.0], "transport": "plane", "n_time": [1, 120.0]}], "foot_crossings": []}, {"name": "g", "pos": [-280, 110], "routes": [{"next_station": "e", "n_frequency": [1, 60.0], "transport": "train", "n_time": [1, 32.0]}, {"next_station": "f", "n_frequency": [1, 20.0], "transport": "bus2", "n_time": [1, 10.0]}], "foot_crossings": []}, {"name": "h", "pos": [-420, 250], "routes": [{"next_station": "f", "n_frequency": [1, 120.0], "transport": "plane", "n_time": [1, 120.0]}], "foot_crossings": []}], "transports": [{"name": "bus1", "cost": 55, "mode": "None"}, {"name": "train", "cost": 270, "mode": "None"}, {"name": "subway", "cost": 65, "mode": "None"}, {"name": "bus2", "cost": 33, "mode": "None"}, {"name": "plane", "cost": 10000, "mode": "None"}]}